{
  "avg_objective_score": 72.93934681181959,
  "avg_total_reward": -0.6250420755954404,
  "success_rate": 0.7293934681181959
}