{
  "avg_invalid_action_count": 0,
  "avg_invalid_action_remaps": 0,
  "avg_objective_score": -18751.286929503472,
  "avg_sim_time": 1516.4089131163812,
  "avg_total_reward": -696.4724910168359,
  "avg_valid_action_ratio": 0.21535002666133166,
  "avg_wall_time_s": 0.24113809498958289,
  "episodes": [
    {
      "invalid_action_count": 0,
      "invalid_action_remaps": 0,
      "kpis": {
        "avg_resolution_time_min": 681.5447055178769,
        "avg_response_time_min": 153.98819691057344,
        "resolution_rate": 1.0,
        "total_spent": 24406.944069221037,
        "total_weighted_closure_hours": 23.35426524241258
      },
      "objective_score": -24455.535969304998,
      "seed": 80,
      "sim_time": 1514.2580904927593,
      "success": true,
      "terminal_outcome": "SUCCESS",
      "total_reward": -1215.1851534303341,
      "valid_action_ratio": 0.2421052631578944,
      "wall_time_s": 0.2754021999426186
    },
    {
      "invalid_action_count": 0,
      "invalid_action_remaps": 0,
      "kpis": {
        "avg_resolution_time_min": 430.4483810594745,
        "avg_response_time_min": 77.50836931451113,
        "resolution_rate": 1.0,
        "total_spent": 13767.896218082926,
        "total_weighted_closure_hours": 14.750031190971328
      },
      "objective_score": -13803.04197406087,
      "seed": 81,
      "sim_time": 1223.7434872183646,
      "success": true,
      "terminal_outcome": "SUCCESS",
      "total_reward": -278.2643383406694,
      "valid_action_ratio": 0.22077922077922046,
      "wall_time_s": 0.19556879997253418
    },
    {
      "invalid_action_count": 0,
      "invalid_action_remaps": 0,
      "kpis": {
        "avg_resolution_time_min": 533.1369601183121,
        "avg_response_time_min": 56.55528877269478,
        "resolution_rate": 1.0,
        "total_spent": 17704.109924101675,
        "total_weighted_closure_hours": 18.268826500054164
      },
      "objective_score": -17751.970078827653,
      "seed": 82,
      "sim_time": 1775.479693555391,
      "success": true,
      "terminal_outcome": "SUCCESS",
      "total_reward": -651.6103066952915,
      "valid_action_ratio": 0.19801980198019764,
      "wall_time_s": 0.24559639999642968
    },
    {
      "invalid_action_count": 0,
      "invalid_action_remaps": 0,
      "kpis": {
        "avg_resolution_time_min": 647.2497804096097,
        "avg_response_time_min": 155.56820386771577,
        "resolution_rate": 1.0,
        "total_spent": 18279.04314157882,
        "total_weighted_closure_hours": 22.17909247536929
      },
      "objective_score": -18326.30746522205,
      "seed": 83,
      "sim_time": 1505.1138700717197,
      "success": true,
      "terminal_outcome": "SUCCESS",
      "total_reward": -624.0948688391969,
      "valid_action_ratio": 0.24210526315789452,
      "wall_time_s": 0.2288993000984192
    },
    {
      "invalid_action_count": 0,
      "invalid_action_remaps": 0,
      "kpis": {
        "avg_resolution_time_min": 502.3441150171862,
        "avg_response_time_min": 46.32018470859879,
        "resolution_rate": 1.0,
        "total_spent": 20973.090160682572,
        "total_weighted_closure_hours": 17.21365834125558
      },
      "objective_score": -21014.611986695512,
      "seed": 84,
      "sim_time": 1458.4900603011638,
      "success": true,
      "terminal_outcome": "SUCCESS",
      "total_reward": -919.9232802088908,
      "valid_action_ratio": 0.2063157894736839,
      "wall_time_s": 0.2677632998675108
    },
    {
      "invalid_action_count": 0,
      "invalid_action_remaps": 0,
      "kpis": {
        "avg_resolution_time_min": 396.5416206107224,
        "avg_response_time_min": 37.279254102905014,
        "resolution_rate": 1.0,
        "total_spent": 13623.760015124682,
        "total_weighted_closure_hours": 13.58815953292742
      },
      "objective_score": -13658.22185897886,
      "seed": 85,
      "sim_time": 1252.4210592750494,
      "success": true,
      "terminal_outcome": "SUCCESS",
      "total_reward": -189.8244070965261,
      "valid_action_ratio": 0.19770114942528702,
      "wall_time_s": 0.21514079999178648
    },
    {
      "invalid_action_count": 0,
      "invalid_action_remaps": 0,
      "kpis": {
        "avg_resolution_time_min": 554.0828751349393,
        "avg_response_time_min": 18.05602824192431,
        "resolution_rate": 1.0,
        "total_spent": 19969.033811035068,
        "total_weighted_closure_hours": 18.986573187957255
      },
      "objective_score": -20018.615084185338,
      "seed": 86,
      "sim_time": 1835.6819977387274,
      "success": true,
      "terminal_outcome": "SUCCESS",
      "total_reward": -757.3120194012026,
      "valid_action_ratio": 0.1982142857142853,
      "wall_time_s": 0.31271900003775954
    },
    {
      "invalid_action_count": 0,
      "invalid_action_remaps": 0,
      "kpis": {
        "avg_resolution_time_min": 300.78219235784536,
        "avg_response_time_min": 16.13213236882993,
        "resolution_rate": 1.0,
        "total_spent": 11432.644673827408,
        "total_weighted_closure_hours": 10.3068031247955
      },
      "objective_score": -11460.343612796518,
      "seed": 87,
      "sim_time": 1043.5281506588267,
      "success": true,
      "terminal_outcome": "SUCCESS",
      "total_reward": -0.9857072378201792,
      "valid_action_ratio": 0.19726027397260248,
      "wall_time_s": 0.1864287997595966
    },
    {
      "invalid_action_count": 0,
      "invalid_action_remaps": 0,
      "kpis": {
        "avg_resolution_time_min": 688.4479177584246,
        "avg_response_time_min": 73.19639742920566,
        "resolution_rate": 1.0,
        "total_spent": 25643.233789686627,
        "total_weighted_closure_hours": 23.590815315188685
      },
      "objective_score": -25697.96380106444,
      "seed": 88,
      "sim_time": 1868.3517637575023,
      "success": true,
      "terminal_outcome": "SUCCESS",
      "total_reward": -1296.9856086472823,
      "valid_action_ratio": 0.20491803278688484,
      "wall_time_s": 0.28952129976823926
    },
    {
      "invalid_action_count": 0,
      "invalid_action_remaps": 0,
      "kpis": {
        "avg_resolution_time_min": 644.1676408727033,
        "avg_response_time_min": 195.81189315786165,
        "resolution_rate": 1.0,
        "total_spent": 15755.83800917399,
        "total_weighted_closure_hours": 22.073477827237966
      },
      "objective_score": -15801.542125270284,
      "seed": 89,
      "sim_time": 1417.8382961433952,
      "success": true,
      "terminal_outcome": "SUCCESS",
      "total_reward": -388.3517867335655,
      "valid_action_ratio": 0.25934065934065914,
      "wall_time_s": 0.22915229992941022
    },
    {
      "invalid_action_count": 0,
      "invalid_action_remaps": 0,
      "kpis": {
        "avg_resolution_time_min": 413.1714463142005,
        "avg_response_time_min": 32.70480901424702,
        "resolution_rate": 1.0,
        "total_spent": 15960.08921315712,
        "total_weighted_closure_hours": 14.158008227033271
      },
      "objective_score": -15997.14471989069,
      "seed": 90,
      "sim_time": 1373.8499103922272,
      "success": true,
      "terminal_outcome": "SUCCESS",
      "total_reward": -435.9496637125617,
      "valid_action_ratio": 0.19756097560975577,
      "wall_time_s": 0.19507869984954596
    },
    {
      "invalid_action_count": 0,
      "invalid_action_remaps": 0,
      "kpis": {
        "avg_resolution_time_min": 394.7053063094413,
        "avg_response_time_min": 42.206549920466045,
        "resolution_rate": 1.0,
        "total_spent": 13858.78591891505,
        "total_weighted_closure_hours": 13.525235162870189
      },
      "objective_score": -13895.293247087073,
      "seed": 91,
      "sim_time": 1378.925580549217,
      "success": true,
      "terminal_outcome": "SUCCESS",
      "total_reward": -308.2253635454397,
      "valid_action_ratio": 0.19722222222222197,
      "wall_time_s": 0.19865240016952157
    },
    {
      "invalid_action_count": 0,