{
  "avg_invalid_action_count": 0,
  "avg_invalid_action_remaps": 0,
  "avg_objective_score": -233155.00358067857,
  "avg_sim_time": 10339.780560647263,
  "avg_total_reward": -18209.178676291875,
  "avg_valid_action_ratio": 0.5276973817555032,
  "avg_wall_time_s": 2.577345769968815,
  "episodes": [
    {
      "invalid_action_count": 0,
      "invalid_action_remaps": 0,
      "kpis": {
        "avg_resolution_time_min": 4431.198133465949,
        "avg_response_time_min": 3534.552304157428,
        "resolution_rate": 1.0,
        "total_spent": 323914.41841279075,
        "total_weighted_closure_hours": 986.9755309273157
      },
      "objective_score": -325108.16692554235,
      "seed": 80,
      "sim_time": 12406.37890945605,
      "success": true,
      "terminal_outcome": "SUCCESS",
      "total_reward": -26272.568189584592,
      "valid_action_ratio": 0.7494082840236675,
      "wall_time_s": 3.3240959998220205
    },
    {
      "invalid_action_count": 0,
      "invalid_action_remaps": 0,
      "kpis": {
        "avg_resolution_time_min": 2239.4476872866335,
        "avg_response_time_min": 1515.628650978189,
        "resolution_rate": 1.0,
        "total_spent": 284738.89162418956,
        "total_weighted_closure_hours": 537.1688519238205
      },
      "objective_score": -285458.3060950891,
      "seed": 81,
      "sim_time": 10934.737138542603,
      "success": true,
      "terminal_outcome": "SUCCESS",
      "total_reward": -22672.391470723676,
      "valid_action_ratio": 0.571451876019577,
      "wall_time_s": 2.9855360998772085
    },
    {
      "invalid_action_count": 0,
      "invalid_action_remaps": 0,
      "kpis": {
        "avg_resolution_time_min": 1735.9367256190758,
        "avg_response_time_min": 750.6804796705328,
        "resolution_rate": 1.0,
        "total_spent": 229723.21290858375,
        "total_weighted_closure_hours": 297.4238256560684
      },
      "objective_score": -230206.25285196514,
      "seed": 82,
      "sim_time": 11136.967063518814,
      "success": true,
      "terminal_outcome": "SUCCESS",
      "total_reward": -17706.965908108283,
      "valid_action_ratio": 0.3383486238532051,
      "wall_time_s": 2.6845342996530235
    },
    {
      "invalid_action_count": 0,
      "invalid_action_remaps": 0,
      "kpis": {
        "avg_resolution_time_min": 1529.6453457794582,
        "avg_response_time_min": 950.5128442530257,
        "resolution_rate": 1.0,
        "total_spent": 109543.46492551365,
        "total_weighted_closure_hours": 209.66338872817107
      },
      "objective_score": -109837.01303227455,
      "seed": 83,
      "sim_time": 5033.083081963989,
      "success": true,
      "terminal_outcome": "SUCCESS",
      "total_reward": -7920.442577972653,
      "valid_action_ratio": 0.5027829313543595,
      "wall_time_s": 1.2771712001413107
    },
    {
      "invalid_action_count": 0,
      "invalid_action_remaps": 0,
      "kpis": {
        "avg_resolution_time_min": 4703.149672893427,
        "avg_response_time_min": 3798.333441381096,
        "resolution_rate": 1.0,
        "total_spent": 273269.91542880377,
        "total_weighted_closure_hours": 1047.5482038091293
      },
      "objective_score": -274535.99768189713,
      "seed": 84,
      "sim_time": 13112.042957055879,
      "success": true,
      "terminal_outcome": "SUCCESS",
      "total_reward": -21369.9337218406,
      "valid_action_ratio": 0.7689364957918893,
      "wall_time_s": 3.2160841999575496
    },
    {
      "invalid_action_count": 0,
      "invalid_action_remaps": 0,
      "kpis": {
        "avg_resolution_time_min": 4130.459540082079,
        "avg_response_time_min": 3094.246468217658,
        "resolution_rate": 1.0,
        "total_spent": 436724.01375800476,
        "total_weighted_closure_hours": 1061.5281018010942
      },
      "objective_score": -438068.98609986453,
      "seed": 85,
      "sim_time": 17006.654403521083,
      "success": true,
      "terminal_outcome": "SUCCESS",
      "total_reward": -36699.68903813608,
      "valid_action_ratio": 0.6746376811594235,
      "wall_time_s": 4.056171499658376
    },
    {
      "invalid_action_count": 0,
      "invalid_action_remaps": 0,
      "kpis": {
        "avg_resolution_time_min": 3443.813070143171,
        "avg_response_time_min": 2245.8314842493332,
        "resolution_rate": 1.0,
        "total_spent": 237925.80448680447,
        "total_weighted_closure_hours": 531.035975416077
      },
      "objective_score": -238656.74550549034,
      "seed": 86,
      "sim_time": 11994.30259618709,
      "success": true,
      "terminal_outcome": "SUCCESS",
      "total_reward": -18221.398568479097,
      "valid_action_ratio": 0.5481292517006926,
      "wall_time_s": 2.9662850997410715
    },
    {
      "invalid_action_count": 0,
      "invalid_action_remaps": 0,
      "kpis": {
        "avg_resolution_time_min": 1380.3642442177415,
        "avg_response_time_min": 863.2098191607603,
        "resolution_rate": 1.0,
        "total_spent": 181570.99354073533,
        "total_weighted_closure_hours": 307.45312932876493
      },
      "objective_score": -182027.18386129662,
      "seed": 87,
      "sim_time": 8924.231473951244,
      "success": true,
      "terminal_outcome": "SUCCESS",
      "total_reward": -13963.572949677098,
      "valid_action_ratio": 0.5009126466753575,
      "wall_time_s": 1.8639468001201749
    },
    {
      "invalid_action_count": 0,
      "invalid_action_remaps": 0,
      "kpis": {
        "avg_resolution_time_min": 1671.0258044996733,
        "avg_response_time_min": 1101.3966118870226,
        "resolution_rate": 1.0,
        "total_spent": 264323.89711254905,
        "total_weighted_closure_hours": 458.08387387351047
      },
      "objective_score": -264954.42563597136,
      "seed": 88,
      "sim_time": 10346.678972927351,
      "success": true,
      "terminal_outcome": "SUCCESS",
      "total_reward": -21236.090763452972,
      "valid_action_ratio": 0.5278752436647212,
      "wall_time_s": 2.501873300410807
    },
    {
      "invalid_action_count": 0,
      "invalid_action_remaps": 0,
      "kpis": {
        "avg_resolution_time_min": 1416.1949922257177,
        "avg_response_time_min": 834.4165464879111,
        "resolution_rate": 1.0,
        "total_spent": 174896.60650398585,
        "total_weighted_closure_hours": 218.37726780120565
      },
      "objective_score": -175210.91008958043,
      "seed": 89,
      "sim_time": 5755.579067602661,
      "success": true,
      "terminal_outcome": "SUCCESS",
      "total_reward": -14115.870376713001,
      "valid_action_ratio": 0.4373287671232886,
      "wall_time_s": 1.4072368000634015
    },
    {
      "invalid_action_count": 0,
      "invalid_action_remaps": 0,
      "kpis": {
        "avg_resolution_time_min": 3181.5816973213114,
        "avg_response_time_min": 2364.8220793216783,
        "resolution_rate": 1.0,
        "total_spent": 217906.92468077104,
        "total_weighted_closure_hours": 654.1331969692617
      },
      "objective_score": -218742.73068298926,
      "seed": 90,
      "sim_time": 10900.36831493747,
      "success": true,
      "terminal_outcome": "SUCCESS",
      "total_reward": -16446.343432635556,
      "valid_action_ratio": 0.6423728813559276,
      "wall_time_s": 3.046661799773574
    },
    {
      "invalid_action_count": 0,
      "invalid_action_remaps": 0,
      "kpis": {
        "avg_resolution_time_min": 2295.168955867402,
        "avg_response_time_min": 1675.6153314267592,
        "resolution_rate": 1.0,
        "total_spent": 259318.23072095177,
        "total_weighted_closure_hours": 550.5345268807275
      },
      "objective_score": -260045.40215518966,
      "seed": 91,
      "sim_time": 10598.21444142937,
      "success": true,
      "terminal_outcome": "SUCCESS",
      "total_reward": -20740.814027596844,
      "valid_action_ratio": 0.6390338164251217,
      "wall_time_s": 2.599855000153184
    },
    {
      "invalid_action_count": 0,